aa_change,contig,position,frq_TZ-03_fune_2022,frq_TZ-05_fune_2022,frq_TZ-12_fune_2022,frq_TZ-16_fune_2017,frq_TZ-16_fune_2019,frq_TZ-16_fune_2021,frq_TZ-16_fune_2023,frq_TZ-17_fune_2022,frq_TZ-18_fune_2023,frq_TZ-19_fune_2019,frq_TZ-21_fune_2019,frq_TZ-21_fune_2022,frq_TZ-25_fune_2022,frq_TZ-28_fune_2022,transcript,aa_pos,ref_allele,ref_aa,alt_aa,effect,impact,alt_allele,max_af,label
H2074Q,3RL,44115430,0.0,0.0,0.0,0.05,0.0,0.0,0.0,0.0,0.0,0.0,0.0,0.0,0.0,0.0,LOC125769886_t4,2074.0,G,H,Q,NON_SYNONYMOUS_CODING,MODERATE,T,0.05,"H2074Q (3RL:44,115,430 G>T)"
V2071G,3RL,44115440,0.0,0.0,0.0,0.05,0.0,0.0,0.0,0.0,0.0,0.0,0.0,0.0,0.0,0.0,LOC125769886_t4,2071.0,A,V,G,NON_SYNONYMOUS_CODING,MODERATE,C,0.05,"V2071G (3RL:44,115,440 A>C)"
V2071L,3RL,44115441,0.0,0.0,0.0,0.05,0.0,0.0,0.0,0.0,0.0,0.0,0.0,0.0,0.0,0.0,LOC125769886_t4,2071.0,C,V,L,NON_SYNONYMOUS_CODING,MODERATE,G,0.05,"V2071L (3RL:44,115,441 C>G)"
A2055G,3RL,44115488,0.0,0.0,0.0,0.0,0.0,0.0,0.0,0.0,0.0,0.0,0.0,0.0,0.015625,0.0,LOC125769886_t4,2055.0,G,A,G,NON_SYNONYMOUS_CODING,MODERATE,C,0.015625,"A2055G (3RL:44,115,488 G>C)"
I2030L,3RL,44115564,0.0,0.0,0.0,0.0,0.0,0.0,0.0,0.0,0.0,0.0,0.0,0.0,0.0,0.030303030303030304,LOC125769886_t4,2030.0,T,I,L,NON_SYNONYMOUS_CODING,MODERATE,A,0.030303030303030304,"I2030L (3RL:44,115,564 T>A)"
I2030V,3RL,44115564,0.0,0.046875,0.0,0.0,0.0,0.05555555555555555,0.018518518518518517,0.0,0.0,0.0,0.0,0.017857142857142856,0.0,0.045454545454545456,LOC125769886_t4,2030.0,T,I,V,NON_SYNONYMOUS_CODING,MODERATE,C,0.05555555555555555,"I2030V (3RL:44,115,564 T>C)"
A2028T,3RL,44115570,0.0,0.0,0.0,0.0,0.0,0.0,0.0,0.0,0.017857142857142856,0.0,0.0,0.0,0.0,0.0,LOC125769886_t4,2028.0,C,A,T,NON_SYNONYMOUS_CODING,MODERATE,T,0.017857142857142856,"A2028T (3RL:44,115,570 C>T)"
L2023I,3RL,44115585,0.0,0.015625,0.0,0.0,0.0,0.0,0.0,0.0,0.017857142857142856,0.0,0.0,0.0,0.0,0.015151515151515152,LOC125769886_t4,2023.0,G,L,I,NON_SYNONYMOUS_CODING,MODERATE,T,0.017857142857142856,"L2023I (3RL:44,115,585 G>T)"
K2018T,3RL,44115599,0.0,0.015625,0.0,0.0,0.0,0.0,0.0,0.0,0.0,0.0,0.0,0.0,0.0,0.0,LOC125769886_t4,2018.0,T,K,T,NON_SYNONYMOUS_CODING,MODERATE,G,0.015625,"K2018T (3RL:44,115,599 T>G)"
G2017A,3RL,44115602,0.0,0.0,0.0,0.05,0.0,0.0,0.0,0.0,0.0,0.0,0.0,0.0,0.0,0.0,LOC125769886_t4,2017.0,C,G,A,NON_SYNONYMOUS_CODING,MODERATE,G,0.05,"G2017A (3RL:44,115,602 C>G)"
G2004S,3RL,44115642,0.0,0.0,0.0,0.0,0.0,0.0,0.0,0.0,0.0,0.0,0.0,0.0,0.0,0.015151515151515152,LOC125769886_t4,2004.0,C,G,S,NON_SYNONYMOUS_CODING,MODERATE,T,0.015151515151515152,"G2004S (3RL:44,115,642 C>T)"
N1998H,3RL,44115660,0.0,0.0,0.0,0.05,0.0,0.0,0.0,0.0,0.0,0.0,0.0,0.0,0.0,0.0,LOC125769886_t4,1998.0,T,N,H,NON_SYNONYMOUS_CODING,MODERATE,G,0.05,"N1998H (3RL:44,115,660 T>G)"
G1994V,3RL,44115671,0.0,0.0,0.0,0.0,0.0,0.0,0.0,0.0,0.0,0.0,0.0,0.0,0.0,0.015151515151515152,LOC125769886_t4,1994.0,C,G,V,NON_SYNONYMOUS_CODING,MODERATE,A,0.015151515151515152,"G1994V (3RL:44,115,671 C>A)"
G1994C,3RL,44115672,0.0,0.0,0.0,0.0,0.0,0.0,0.0,0.016129032258064516,0.0,0.0,0.0,0.0,0.0,0.0,LOC125769886_t4,1994.0,C,G,C,NON_SYNONYMOUS_CODING,MODERATE,A,0.016129032258064516,"G1994C (3RL:44,115,672 C>A)"
I1993T,3RL,44115674,0.0,0.0,0.0,0.0,0.0,0.0,0.0,0.0,0.0,0.0,0.0,0.0,0.03125,0.0,LOC125769886_t4,1993.0,A,I,T,NON_SYNONYMOUS_CODING,MODERATE,G,0.03125,"I1993T (3RL:44,115,674 A>G)"
G1989A,3RL,44115686,0.0,0.0,0.0,0.0,0.0,0.0,0.0,0.0,0.03571428571428571,0.0,0.0,0.0,0.015625,0.0,LOC125769886_t4,1989.0,C,G,A,NON_SYNONYMOUS_CODING,MODERATE,G,0.03571428571428571,"G1989A (3RL:44,115,686 C>G)"
N1985H,3RL,44115699,0.0,0.015625,0.0,0.0,0.0,0.0,0.0,0.0,0.0,0.0,0.0,0.0,0.0,0.0,LOC125769886_t4,1985.0,T,N,H,NON_SYNONYMOUS_CODING,MODERATE,G,0.015625,"N1985H (3RL:44,115,699 T>G)"
N1983I,3RL,44115704,0.0,0.0,0.016666666666666666,0.0,0.0,0.0,0.0,0.016129032258064516,0.0,0.0,0.0,0.0,0.0,0.0,LOC125769886_t4,1983.0,T,N,I,NON_SYNONYMOUS_CODING,MODERATE,A,0.016666666666666666,"N1983I (3RL:44,115,704 T>A)"
G1982D,3RL,44115707,0.0,0.0,0.0,0.0,0.0,0.0,0.0,0.0,0.0,0.0,0.0,0.0,0.0,0.015151515151515152,LOC125769886_t4,1982.0,C,G,D,NON_SYNONYMOUS_CODING,MODERATE,T,0.015151515151515152,"G1982D (3RL:44,115,707 C>T)"
G1982C,3RL,44115708,0.0,0.0,0.016666666666666666,0.0,0.0,0.0,0.0,0.0,0.0,0.0,0.0,0.0,0.0,0.0,LOC125769886_t4,1982.0,C,G,C,NON_SYNONYMOUS_CODING,MODERATE,A,0.016666666666666666,"G1982C (3RL:44,115,708 C>A)"
D1974Y,3RL,44115732,0.017857142857142856,0.0,0.0,0.0,0.0,0.0,0.0,0.0,0.0,0.0,0.0,0.0,0.0,0.0,LOC125769886_t4,1974.0,C,D,Y,NON_SYNONYMOUS_CODING,MODERATE,A,0.017857142857142856,"D1974Y (3RL:44,115,732 C>A)"
C1973Y,3RL,44115734,0.0,0.0,0.0,0.05,0.0,0.0,0.0,0.0,0.0,0.0,0.0,0.0,0.0,0.0,LOC125769886_t4,1973.0,C,C,Y,NON_SYNONYMOUS_CODING,MODERATE,T,0.05,"C1973Y (3RL:44,115,734 C>T)"
C1973R,3RL,44115735,0.0,0.0,0.0,0.0,0.0,0.0,0.0,0.0,0.0,0.0,0.0,0.0,0.0,0.015151515151515152,LOC125769886_t4,1973.0,A,C,R,NON_SYNONYMOUS_CODING,MODERATE,G,0.015151515151515152,"C1973R (3RL:44,115,735 A>G)"
D1971E,3RL,44115739,0.0,0.015625,0.0,0.0,0.0,0.0,0.0,0.016129032258064516,0.0,0.0,0.0,0.0,0.015625,0.0,LOC125769886_t4,1971.0,A,D,E,NON_SYNONYMOUS_CODING,MODERATE,C,0.016129032258064516,"D1971E (3RL:44,115,739 A>C)"
D1971Y,3RL,44115741,0.0,0.0,0.0,0.0,0.0,0.0,0.0,0.0,0.017857142857142856,0.0,0.0,0.0,0.0,0.0,LOC125769886_t4,1971.0,C,D,Y,NON_SYNONYMOUS_CODING,MODERATE,A,0.017857142857142856,"D1971Y (3RL:44,115,741 C>A)"
L1968F,3RL,44115750,0.0,0.0,0.0,0.0,0.0,0.0,0.0,0.016129032258064516,0.0,0.0,0.0,0.0,0.0,0.0,LOC125769886_t4,1968.0,G,L,F,NON_SYNONYMOUS_CODING,MODERATE,A,0.016129032258064516,"L1968F (3RL:44,115,750 G>A)"
G1965E,3RL,44115758,0.0,0.0,0.0,0.0,0.0,0.0,0.0,0.0,0.017857142857142856,0.0,0.0,0.0,0.0,0.0,LOC125769886_t4,1965.0,C,G,E,NON_SYNONYMOUS_CODING,MODERATE,T,0.017857142857142856,"G1965E (3RL:44,115,758 C>T)"
G1962D,3RL,44115767,0.0,0.0,0.0,0.0,0.0,0.0,0.0,0.0,0.0,0.0,0.0,0.0,0.0,0.015151515151515152,LOC125769886_t4,1962.0,C,G,D,NON_SYNONYMOUS_CODING,MODERATE,T,0.015151515151515152,"G1962D (3RL:44,115,767 C>T)"
G1962C,3RL,44115768,0.0,0.0,0.0,0.0,0.0,0.0,0.0,0.04838709677419355,0.0,0.05,0.05555555555555555,0.05357142857142857,0.0,0.0,LOC125769886_t4,1962.0,C,G,C,NON_SYNONYMOUS_CODING,MODERATE,A,0.05555555555555555,"G1962C (3RL:44,115,768 C>A)"
G1959V,3RL,44115776,0.017857142857142856,0.0,0.0,0.0,0.0,0.0,0.0,0.0,0.0,0.0,0.0,0.0,0.0,0.0,LOC125769886_t4,1959.0,C,G,V,NON_SYNONYMOUS_CODING,MODERATE,A,0.017857142857142856,"G1959V (3RL:44,115,776 C>A)"
K1953T,3RL,44115794,0.017857142857142856,0.0,0.0,0.0,0.0,0.0,0.0,0.0,0.0,0.0,0.0,0.0,0.0,0.0,LOC125769886_t4,1953.0,T,K,T,NON_SYNONYMOUS_CODING,MODERATE,G,0.017857142857142856,"K1953T (3RL:44,115,794 T>G)"
W1949C,3RL,44115805,0.0,0.0,0.0,0.05,0.0,0.0,0.0,0.0,0.0,0.0,0.0,0.0,0.0,0.0,LOC125769886_t4,1949.0,C,W,C,NON_SYNONYMOUS_CODING,MODERATE,G,0.05,"W1949C (3RL:44,115,805 C>G)"
A1942S,3RL,44115828,0.0,0.0,0.0,0.0,0.0,0.0,0.0,0.0,0.0,0.0,0.0,0.0,0.015625,0.0,LOC125769886_t4,1942.0,C,A,S,NON_SYNONYMOUS_CODING,MODERATE,A,0.015625,"A1942S (3RL:44,115,828 C>A)"
E1927K,3RL,44115873,0.0,0.0,0.0,0.05,0.0,0.0,0.0,0.0,0.0,0.0,0.0,0.0,0.0,0.0,LOC125769886_t4,1927.0,C,E,K,NON_SYNONYMOUS_CODING,MODERATE,T,0.05,"E1927K (3RL:44,115,873 C>T)"
Q1918K,3RL,44115900,0.0,0.0,0.0,0.05,0.0,0.0,0.0,0.0,0.0,0.0,0.0,0.0,0.0,0.0,LOC125769886_t4,1918.0,G,Q,K,NON_SYNONYMOUS_CODING,MODERATE,T,0.05,"Q1918K (3RL:44,115,900 G>T)"
A1902D,3RL,44115947,0.0,0.0,0.0,0.0,0.0,0.0,0.0,0.0,0.0,0.0,0.0,0.0,0.0,0.015151515151515152,LOC125769886_t4,1902.0,G,A,D,NON_SYNONYMOUS_CODING,MODERATE,T,0.015151515151515152,"A1902D (3RL:44,115,947 G>T)"
D1851E,3RL,44116099,0.0,0.0,0.0,0.0,0.0,0.0,0.0,0.0,0.0,0.0,0.0,0.0,0.0,0.015151515151515152,LOC125769886_t4,1851.0,A,D,E,NON_SYNONYMOUS_CODING,MODERATE,C,0.015151515151515152,"D1851E (3RL:44,116,099 A>C)"
V1848L,3RL,44116110,0.0,0.0,0.0,0.05,0.0,0.0,0.0,0.0,0.0,0.0,0.0,0.0,0.0,0.0,LOC125769886_t4,1848.0,C,V,L,NON_SYNONYMOUS_CODING,MODERATE,G,0.05,"V1848L (3RL:44,116,110 C>G)"
D1843H,3RL,44116125,0.0,0.0,0.0,0.05,0.0,0.0,0.0,0.0,0.0,0.0,0.0,0.0,0.0,0.0,LOC125769886_t4,1843.0,C,D,H,NON_SYNONYMOUS_CODING,MODERATE,G,0.05,"D1843H (3RL:44,116,125 C>G)"
P1842S,3RL,44116128,0.03571428571428571,0.0,0.0,0.75,0.6944444444444444,0.6666666666666666,0.48148148148148145,0.0,0.0,0.1,0.1111111111111111,0.10714285714285714,0.0,0.0,LOC125769886_t4,1842.0,G,P,S,NON_SYNONYMOUS_CODING,MODERATE,A,0.75,"P1842S (3RL:44,116,128 G>A)"
A1793V,3RL,44116274,0.0,0.0,0.0,0.0,0.0,0.0,0.0,0.0,0.0,0.0,0.0,0.017857142857142856,0.0,0.0,LOC125769886_t4,1793.0,G,A,V,NON_SYNONYMOUS_CODING,MODERATE,A,0.017857142857142856,"A1793V (3RL:44,116,274 G>A)"
G1787D,3RL,44116292,0.0,0.0,0.0,0.05,0.0,0.0,0.0,0.0,0.0,0.0,0.0,0.0,0.0,0.0,LOC125769886_t4,1787.0,C,G,D,NON_SYNONYMOUS_CODING,MODERATE,T,0.05,"G1787D (3RL:44,116,292 C>T)"
G1782R,3RL,44116308,0.0,0.0,0.0,0.05,0.0,0.0,0.0,0.0,0.0,0.0,0.0,0.0,0.0,0.0,LOC125769886_t4,1782.0,C,G,R,NON_SYNONYMOUS_CODING,MODERATE,G,0.05,"G1782R (3RL:44,116,308 C>G)"
Y1777S,3RL,44116322,0.0,0.046875,0.0,0.0,0.0,0.0,0.037037037037037035,0.016129032258064516,0.0,0.0,0.0,0.0,0.0,0.0,LOC125769886_t4,1777.0,T,Y,S,NON_SYNONYMOUS_CODING,MODERATE,G,0.046875,"Y1777S (3RL:44,116,322 T>G)"
G1776V,3RL,44116325,0.0,0.0,0.0,0.0,0.0,0.0,0.0,0.0,0.0,0.0,0.0,0.0,0.0,0.015151515151515152,LOC125769886_t4,1776.0,C,G,V,NON_SYNONYMOUS_CODING,MODERATE,A,0.015151515151515152,"G1776V (3RL:44,116,325 C>A)"
K1775N,3RL,44116327,0.0,0.0,0.0,0.0,0.0,0.0,0.0,0.0,0.0,0.0,0.0,0.0,0.0,0.015151515151515152,LOC125769886_t4,1775.0,T,K,N,NON_SYNONYMOUS_CODING,MODERATE,A,0.015151515151515152,"K1775N (3RL:44,116,327 T>A)"
N1773S,3RL,44116334,0.0,0.0,0.0,0.0,0.0,0.05555555555555555,0.0,0.0,0.0,0.0,0.0,0.0,0.0,0.0,LOC125769886_t4,1773.0,T,N,S,NON_SYNONYMOUS_CODING,MODERATE,C,0.05555555555555555,"N1773S (3RL:44,116,334 T>C)"
C1768R,3RL,44116350,0.0,0.0,0.0,0.0,0.0,0.0,0.0,0.0,0.0,0.0,0.0,0.0,0.0,0.015151515151515152,LOC125769886_t4,1768.0,A,C,R,NON_SYNONYMOUS_CODING,MODERATE,G,0.015151515151515152,"C1768R (3RL:44,116,350 A>G)"
E1766K,3RL,44116356,0.0,0.015625,0.0,0.0,0.0,0.0,0.0,0.0,0.0,0.0,0.0,0.0,0.0,0.0,LOC125769886_t4,1766.0,C,E,K,NON_SYNONYMOUS_CODING,MODERATE,T,0.015625,"E1766K (3RL:44,116,356 C>T)"
E1765G,3RL,44116358,0.0,0.015625,0.0,0.0,0.0,0.0,0.0,0.0,0.0,0.0,0.0,0.0,0.0,0.0,LOC125769886_t4,1765.0,T,E,G,NON_SYNONYMOUS_CODING,MODERATE,C,0.015625,"E1765G (3RL:44,116,358 T>C)"
G1761D,3RL,44116370,0.0,0.0,0.0,0.0,0.0,0.0,0.0,0.0,0.017857142857142856,0.0,0.0,0.0,0.0,0.0,LOC125769886_t4,1761.0,C,G,D,NON_SYNONYMOUS_CODING,MODERATE,T,0.017857142857142856,"G1761D (3RL:44,116,370 C>T)"
D1756Y,3RL,44116386,0.0,0.015625,0.0,0.0,0.0,0.0,0.0,0.0,0.0,0.0,0.0,0.0,0.0,0.0,LOC125769886_t4,1756.0,C,D,Y,NON_SYNONYMOUS_CODING,MODERATE,A,0.015625,"D1756Y (3RL:44,116,386 C>A)"
D1732V,3RL,44116549,0.017857142857142856,0.0,0.0,0.0,0.0,0.0,0.0,0.0,0.0,0.0,0.0,0.0,0.0,0.0,LOC125769886_t4,1732.0,T,D,V,NON_SYNONYMOUS_CODING,MODERATE,A,0.017857142857142856,"D1732V (3RL:44,116,549 T>A)"
G1729V,3RL,44116558,0.0,0.0,0.0,0.05,0.0,0.0,0.0,0.0,0.0,0.0,0.0,0.0,0.0,0.0,LOC125769886_t4,1729.0,C,G,V,NON_SYNONYMOUS_CODING,MODERATE,A,0.05,"G1729V (3RL:44,116,558 C>A)"
S1728I,3RL,44116561,0.0,0.0,0.0,0.05,0.0,0.0,0.0,0.0,0.0,0.0,0.0,0.0,0.0,0.0,LOC125769886_t4,1728.0,C,S,I,NON_SYNONYMOUS_CODING,MODERATE,A,0.05,"S1728I (3RL:44,116,561 C>A)"
D1726Y,3RL,44116568,0.0,0.0,0.0,0.0,0.0,0.0,0.0,0.0,0.0,0.0,0.0,0.0,0.015625,0.0,LOC125769886_t4,1726.0,C,D,Y,NON_SYNONYMOUS_CODING,MODERATE,A,0.015625,"D1726Y (3RL:44,116,568 C>A)"
K1725N,3RL,44116569,0.0,0.0,0.0,0.05,0.0,0.0,0.0,0.0,0.0,0.0,0.0,0.0,0.0,0.0,LOC125769886_t4,1725.0,C,K,N,NON_SYNONYMOUS_CODING,MODERATE,A,0.05,"K1725N (3RL:44,116,569 C>A)"
H1723R,3RL,44116576,0.0,0.0,0.0,0.05,0.0,0.0,0.0,0.0,0.0,0.0,0.0,0.0,0.0,0.0,LOC125769886_t4,1723.0,T,H,R,NON_SYNONYMOUS_CODING,MODERATE,C,0.05,"H1723R (3RL:44,116,576 T>C)"
A1714S,3RL,44116604,0.0,0.0,0.0,0.0,0.0,0.0,0.0,0.016129032258064516,0.0,0.0,0.0,0.0,0.0,0.0,LOC125769886_t4,1714.0,C,A,S,NON_SYNONYMOUS_CODING,MODERATE,A,0.016129032258064516,"A1714S (3RL:44,116,604 C>A)"
A1698T,3RL,44116652,0.0,0.0,0.0,0.0,0.0,0.0,0.0,0.016129032258064516,0.0,0.0,0.0,0.0,0.0,0.0,LOC125769886_t4,1698.0,C,A,T,NON_SYNONYMOUS_CODING,MODERATE,T,0.016129032258064516,"A1698T (3RL:44,116,652 C>T)"
K1683N,3RL,44116695,0.0,0.0,0.0,0.05,0.0,0.0,0.0,0.0,0.0,0.0,0.0,0.0,0.0,0.0,LOC125769886_t4,1683.0,C,K,N,NON_SYNONYMOUS_CODING,MODERATE,A,0.05,"K1683N (3RL:44,116,695 C>A)"
L1664M,3RL,44116754,0.0,0.0,0.0,0.0,0.0,0.0,0.018518518518518517,0.0,0.0,0.0,0.0,0.0,0.0,0.0,LOC125769886_t4,1664.0,G,L,M,NON_SYNONYMOUS_CODING,MODERATE,T,0.018518518518518517,"L1664M (3RL:44,116,754 G>T)"
V1659L,3RL,44116769,0.017857142857142856,0.0,0.0,0.0,0.0,0.0,0.0,0.0,0.0,0.0,0.0,0.0,0.0,0.0,LOC125769886_t4,1659.0,C,V,L,NON_SYNONYMOUS_CODING,MODERATE,A,0.017857142857142856,"V1659L (3RL:44,116,769 C>A)"
E1655V,3RL,44116780,0.017857142857142856,0.0,0.0,0.0,0.0,0.0,0.0,0.0,0.0,0.0,0.0,0.0,0.0,0.0,LOC125769886_t4,1655.0,T,E,V,NON_SYNONYMOUS_CODING,MODERATE,A,0.017857142857142856,"E1655V (3RL:44,116,780 T>A)"
F1638Y,3RL,44116923,0.0,0.0,0.0,0.05,0.0,0.0,0.037037037037037035,0.0,0.0,0.15,0.0,0.0,0.0,0.0,LOC125769886_t4,1638.0,A,F,Y,NON_SYNONYMOUS_CODING,MODERATE,T,0.15,"F1638Y (3RL:44,116,923 A>T)"
D1637Y,3RL,44116927,0.017857142857142856,0.0,0.0,0.0,0.0,0.0,0.0,0.0,0.0,0.0,0.0,0.0,0.0,0.0,LOC125769886_t4,1637.0,C,D,Y,NON_SYNONYMOUS_CODING,MODERATE,A,0.017857142857142856,"D1637Y (3RL:44,116,927 C>A)"
F1629L,3RL,44116951,0.0,0.0,0.016666666666666666,0.0,0.0,0.0,0.0,0.0,0.0,0.0,0.0,0.0,0.0,0.0,LOC125769886_t4,1629.0,A,F,L,NON_SYNONYMOUS_CODING,MODERATE,G,0.016666666666666666,"F1629L (3RL:44,116,951 A>G)"
E1596D,3RL,44117048,0.017857142857142856,0.0,0.0,0.0,0.0,0.0,0.0,0.0,0.0,0.0,0.0,0.0,0.0,0.0,LOC125769886_t4,1596.0,T,E,D,NON_SYNONYMOUS_CODING,MODERATE,G,0.017857142857142856,"E1596D (3RL:44,117,048 T>G)"
L1578F,3RL,44117102,0.0,0.0,0.0,0.05,0.0,0.0,0.0,0.0,0.0,0.0,0.0,0.0,0.0,0.0,LOC125769886_t4,1578.0,C,L,F,NON_SYNONYMOUS_CODING,MODERATE,G,0.05,"L1578F (3RL:44,117,102 C>G)"
P1559L,3RL,44117160,0.0,0.0,0.0,0.0,0.0,0.0,0.0,0.0,0.03571428571428571,0.0,0.0,0.0,0.0,0.015151515151515152,LOC125769886_t4,1559.0,G,P,L,NON_SYNONYMOUS_CODING,MODERATE,A,0.03571428571428571,"P1559L (3RL:44,117,160 G>A)"
R1558H,3RL,44117163,0.0,0.015625,0.0,0.0,0.0,0.0,0.0,0.0,0.0,0.0,0.0,0.0,0.0,0.0,LOC125769886_t4,1558.0,C,R,H,NON_SYNONYMOUS_CODING,MODERATE,T,0.015625,"R1558H (3RL:44,117,163 C>T)"
W1557R,3RL,44117167,0.0,0.0,0.0,0.1,0.1388888888888889,0.0,0.037037037037037035,0.0,0.0,0.0,0.0,0.0,0.0,0.0,LOC125769886_t4,1557.0,A,W,R,NON_SYNONYMOUS_CODING,MODERATE,T,0.1388888888888889,"W1557R (3RL:44,117,167 A>T)"
A1551T,3RL,44117250,0.0,0.0,0.0,0.05,0.0,0.0,0.0,0.0,0.0,0.0,0.0,0.0,0.0,0.0,LOC125769886_t4,1551.0,C,A,T,NON_SYNONYMOUS_CODING,MODERATE,T,0.05,"A1551T (3RL:44,117,250 C>T)"
K1534E,3RL,44117301,0.0,0.015625,0.0,0.0,0.0,0.0,0.0,0.0,0.0,0.0,0.0,0.0,0.0,0.0,LOC125769886_t4,1534.0,T,K,E,NON_SYNONYMOUS_CODING,MODERATE,C,0.015625,"K1534E (3RL:44,117,301 T>C)"
N1504S,3RL,44117390,0.0,0.0,0.0,0.0,0.0,0.0,0.0,0.0,0.0,0.0,0.0,0.0,0.0,0.015151515151515152,LOC125769886_t4,1504.0,T,N,S,NON_SYNONYMOUS_CODING,MODERATE,C,0.015151515151515152,"N1504S (3RL:44,117,390 T>C)"
F1493L,3RL,44117422,0.0,0.0,0.0,0.05,0.0,0.0,0.0,0.0,0.0,0.0,0.0,0.0,0.0,0.0,LOC125769886_t4,1493.0,G,F,L,NON_SYNONYMOUS_CODING,MODERATE,C,0.05,"F1493L (3RL:44,117,422 G>C)"
V1492L,3RL,44117427,0.0,0.0,0.0,0.05,0.0,0.0,0.0,0.0,0.0,0.0,0.0,0.0,0.0,0.0,LOC125769886_t4,1492.0,C,V,L,NON_SYNONYMOUS_CODING,MODERATE,G,0.05,"V1492L (3RL:44,117,427 C>G)"
M1487I,3RL,44117440,0.0,0.0,0.0,0.0,0.0,0.0,0.0,0.0,0.0,0.0,0.0,0.0,0.0,0.015151515151515152,LOC125769886_t4,1487.0,C,M,I,NON_SYNONYMOUS_CODING,MODERATE,T,0.015151515151515152,"M1487I (3RL:44,117,440 C>T)"
K1409E,3RL,44117827,0.0,0.0,0.0,0.0,0.0,0.0,0.0,0.0,0.0,0.0,0.0,0.0,0.0,0.015151515151515152,LOC125769886_t4,1409.0,T,K,E,NON_SYNONYMOUS_CODING,MODERATE,C,0.015151515151515152,"K1409E (3RL:44,117,827 T>C)"
P1379Q,3RL,44117916,0.0,0.0,0.016666666666666666,0.0,0.0,0.0,0.0,0.0,0.0,0.0,0.0,0.0,0.0,0.0,LOC125769886_t4,1379.0,G,P,Q,NON_SYNONYMOUS_CODING,MODERATE,T,0.016666666666666666,"P1379Q (3RL:44,117,916 G>T)"
N1332T,3RL,44119151,0.0,0.0,0.0,0.05,0.0,0.0,0.0,0.0,0.0,0.0,0.0,0.0,0.0,0.0,LOC125769886_t4,1332.0,T,N,T,NON_SYNONYMOUS_CODING,MODERATE,G,0.05,"N1332T (3RL:44,119,151 T>G)"
A1317V,3RL,44121674,0.0,0.0,0.0,0.0,0.0,0.0,0.0,0.016129032258064516,0.0,0.0,0.0,0.0,0.0,0.0,LOC125769886_t4,1317.0,G,A,V,NON_SYNONYMOUS_CODING,MODERATE,A,0.016129032258064516,"A1317V (3RL:44,121,674 G>A)"
K1311N,3RL,44121691,0.0,0.015625,0.0,0.0,0.0,0.0,0.0,0.0,0.0,0.0,0.0,0.0,0.0,0.0,LOC125769886_t4,1311.0,T,K,N,NON_SYNONYMOUS_CODING,MODERATE,A,0.015625,"K1311N (3RL:44,121,691 T>A)"
Y1287C,3RL,44121764,0.0,0.0,0.016666666666666666,0.0,0.0,0.0,0.0,0.0,0.0,0.0,0.0,0.0,0.0,0.0,LOC125769886_t4,1287.0,T,Y,C,NON_SYNONYMOUS_CODING,MODERATE,C,0.016666666666666666,"Y1287C (3RL:44,121,764 T>C)"
P1280Q,3RL,44121785,0.017857142857142856,0.0,0.0,0.0,0.0,0.0,0.0,0.0,0.0,0.0,0.0,0.0,0.0,0.0,LOC125769886_t4,1280.0,G,P,Q,NON_SYNONYMOUS_CODING,MODERATE,T,0.017857142857142856,"P1280Q (3RL:44,121,785 G>T)"
V1274A,3RL,44121803,0.0,0.015625,0.0,0.0,0.0,0.0,0.0,0.0,0.0,0.0,0.0,0.0,0.0,0.0,LOC125769886_t4,1274.0,A,V,A,NON_SYNONYMOUS_CODING,MODERATE,G,0.015625,"V1274A (3RL:44,121,803 A>G)"
E1272V,3RL,44121809,0.0,0.0,0.0,0.05,0.0,0.0,0.0,0.0,0.0,0.0,0.0,0.0,0.0,0.0,LOC125769886_t4,1272.0,T,E,V,NON_SYNONYMOUS_CODING,MODERATE,A,0.05,"E1272V (3RL:44,121,809 T>A)"
N1251K,3RL,44121993,0.0,0.0,0.0,0.05,0.0,0.0,0.0,0.0,0.0,0.0,0.0,0.0,0.0,0.0,LOC125769886_t4,1251.0,G,N,K,NON_SYNONYMOUS_CODING,MODERATE,C,0.05,"N1251K (3RL:44,121,993 G>C)"
F1234L,3RL,44122044,0.0,0.0,0.0,0.0,0.0,0.0,0.0,0.016129032258064516,0.0,0.0,0.0,0.0,0.0,0.0,LOC125769886_t4,1234.0,A,F,L,NON_SYNONYMOUS_CODING,MODERATE,C,0.016129032258064516,"F1234L (3RL:44,122,044 A>C)"
A1201G,3RL,44122144,0.0,0.0,0.0,0.0,0.0,0.0,0.0,0.0,0.017857142857142856,0.0,0.0,0.0,0.0,0.0,LOC125769886_t4,1201.0,G,A,G,NON_SYNONYMOUS_CODING,MODERATE,C,0.017857142857142856,"A1201G (3RL:44,122,144 G>C)"
I1199F,3RL,44122151,0.0,0.0,0.016666666666666666,0.0,0.0,0.0,0.0,0.0,0.0,0.0,0.0,0.0,0.0,0.0,LOC125769886_t4,1199.0,T,I,F,NON_SYNONYMOUS_CODING,MODERATE,A,0.016666666666666666,"I1199F (3RL:44,122,151 T>A)"
L1197H,3RL,44122156,0.0,0.0,0.0,0.05,0.0,0.0,0.0,0.0,0.0,0.0,0.0,0.0,0.0,0.0,LOC125769886_t4,1197.0,A,L,H,NON_SYNONYMOUS_CODING,MODERATE,T,0.05,"L1197H (3RL:44,122,156 A>T)"
E1181D,3RL,44122203,0.0,0.0,0.0,0.0,0.0,0.0,0.018518518518518517,0.0,0.0,0.0,0.0,0.0,0.0,0.0,LOC125769886_t4,1181.0,C,E,D,NON_SYNONYMOUS_CODING,MODERATE,A,0.018518518518518517,"E1181D (3RL:44,122,203 C>A)"
H1146Y,3RL,44122385,0.0,0.0,0.0,0.05,0.0,0.0,0.0,0.0,0.0,0.0,0.0,0.0,0.0,0.0,LOC125769886_t4,1146.0,G,H,Y,NON_SYNONYMOUS_CODING,MODERATE,A,0.05,"H1146Y (3RL:44,122,385 G>A)"
G1144C,3RL,44122391,0.0,0.015625,0.0,0.0,0.0,0.05555555555555555,0.0,0.0,0.0,0.0,0.0,0.0,0.0,0.0,LOC125769886_t4,1144.0,C,G,C,NON_SYNONYMOUS_CODING,MODERATE,A,0.05555555555555555,"G1144C (3RL:44,122,391 C>A)"
S1142Y,3RL,44122396,0.0,0.015625,0.0,0.0,0.0,0.0,0.0,0.0,0.0,0.0,0.0,0.0,0.0,0.0,LOC125769886_t4,1142.0,G,S,Y,NON_SYNONYMOUS_CODING,MODERATE,T,0.015625,"S1142Y (3RL:44,122,396 G>T)"
N1126S,3RL,44122444,0.0,0.0,0.0,0.05,0.0,0.0,0.0,0.0,0.0,0.0,0.0,0.0,0.0,0.0,LOC125769886_t4,1126.0,T,N,S,NON_SYNONYMOUS_CODING,MODERATE,C,0.05,"N1126S (3RL:44,122,444 T>C)"
E1124D,3RL,44122449,0.0,0.0,0.0,0.0,0.0,0.0,0.0,0.0,0.0,0.0,0.0,0.0,0.015625,0.0,LOC125769886_t4,1124.0,T,E,D,NON_SYNONYMOUS_CODING,MODERATE,G,0.015625,"E1124D (3RL:44,122,449 T>G)"
D1118Y,3RL,44122469,0.017857142857142856,0.0,0.0,0.0,0.0,0.0,0.0,0.0,0.0,0.0,0.0,0.0,0.0,0.0,LOC125769886_t4,1118.0,C,D,Y,NON_SYNONYMOUS_CODING,MODERATE,A,0.017857142857142856,"D1118Y (3RL:44,122,469 C>A)"
S1114R,3RL,44122479,0.0,0.0,0.0,0.05,0.0,0.0,0.0,0.0,0.0,0.0,0.0,0.0,0.0,0.0,LOC125769886_t4,1114.0,A,S,R,NON_SYNONYMOUS_CODING,MODERATE,T,0.05,"S1114R (3RL:44,122,479 A>T)"
S1114R,3RL,44122481,0.0,0.0,0.0,0.0,0.0,0.0,0.018518518518518517,0.0,0.0,0.0,0.0,0.0,0.0,0.0,LOC125769886_t4,1114.0,T,S,R,NON_SYNONYMOUS_CODING,MODERATE,G,0.018518518518518517,"S1114R (3RL:44,122,481 T>G)"
D1063Y,3RL,44122906,0.0,0.0,0.0,0.05,0.0,0.0,0.0,0.0,0.0,0.0,0.0,0.0,0.0,0.0,LOC125769886_t4,1063.0,C,D,Y,NON_SYNONYMOUS_CODING,MODERATE,A,0.05,"D1063Y (3RL:44,122,906 C>A)"
A1062V,3RL,44122908,0.0,0.0,0.016666666666666666,0.0,0.0,0.0,0.0,0.0,0.0,0.0,0.0,0.0,0.0,0.0,LOC125769886_t4,1062.0,G,A,V,NON_SYNONYMOUS_CODING,MODERATE,A,0.016666666666666666,"A1062V (3RL:44,122,908 G>A)"
L1036S,3RL,44125228,0.0,0.0,0.0,0.05,0.0,0.0,0.0,0.0,0.0,0.0,0.0,0.0,0.0,0.0,LOC125769886_t4,1036.0,A,L,S,NON_SYNONYMOUS_CODING,MODERATE,G,0.05,"L1036S (3RL:44,125,228 A>G)"
A1028T,3RL,44125253,0.0,0.0,0.016666666666666666,0.0,0.0,0.0,0.0,0.0,0.0,0.0,0.0,0.0,0.0,0.0,LOC125769886_t4,1028.0,C,A,T,NON_SYNONYMOUS_CODING,MODERATE,T,0.016666666666666666,"A1028T (3RL:44,125,253 C>T)"
I1021N,3RL,44125273,0.0,0.015625,0.0,0.0,0.0,0.0,0.0,0.0,0.0,0.0,0.0,0.0,0.0,0.0,LOC125769886_t4,1021.0,A,I,N,NON_SYNONYMOUS_CODING,MODERATE,T,0.015625,"I1021N (3RL:44,125,273 A>T)"
I1021L,3RL,44125274,0.0,0.0,0.0,0.05,0.0,0.0,0.0,0.0,0.0,0.0,0.0,0.0,0.0,0.0,LOC125769886_t4,1021.0,T,I,L,NON_SYNONYMOUS_CODING,MODERATE,G,0.05,"I1021L (3RL:44,125,274 T>G)"
R1016P,3RL,44125288,0.0,0.0,0.0,0.05,0.0,0.0,0.0,0.0,0.0,0.0,0.0,0.0,0.0,0.0,LOC125769886_t4,1016.0,C,R,P,NON_SYNONYMOUS_CODING,MODERATE,G,0.05,"R1016P (3RL:44,125,288 C>G)"
S1015A,3RL,44125292,0.0,0.0,0.0,0.05,0.0,0.0,0.0,0.0,0.0,0.0,0.0,0.0,0.0,0.0,LOC125769886_t4,1015.0,A,S,A,NON_SYNONYMOUS_CODING,MODERATE,C,0.05,"S1015A (3RL:44,125,292 A>C)"
I1014M,3RL,44125293,0.0,0.0,0.0,0.0,0.0,0.0,0.018518518518518517,0.0,0.0,0.0,0.0,0.0,0.0,0.0,LOC125769886_t4,1014.0,T,I,M,NON_SYNONYMOUS_CODING,MODERATE,C,0.018518518518518517,"I1014M (3RL:44,125,293 T>C)"
L976F,3RL,44125475,0.03571428571428571,0.0,0.0,0.9,0.8333333333333334,0.6666666666666666,0.5555555555555556,0.0,0.0,0.25,0.1111111111111111,0.10714285714285714,0.0,0.0,LOC125769886_t4,976.0,T,L,F,NON_SYNONYMOUS_CODING,MODERATE,A,0.9,"L976F (3RL:44,125,475 T>A)"
V971I,3RL,44125492,0.0,0.0,0.0,0.0,0.0,0.0,0.0,0.0,0.0,0.0,0.0,0.0,0.015625,0.0,LOC125769886_t4,971.0,C,V,I,NON_SYNONYMOUS_CODING,MODERATE,T,0.015625,"V971I (3RL:44,125,492 C>T)"
T970M,3RL,44125494,0.0,0.0,0.0,0.0,0.0,0.0,0.018518518518518517,0.0,0.0,0.0,0.0,0.0,0.0,0.0,LOC125769886_t4,970.0,G,T,M,NON_SYNONYMOUS_CODING,MODERATE,A,0.018518518518518517,"T970M (3RL:44,125,494 G>A)"
A969S,3RL,44125498,0.0,0.0,0.0,0.05,0.0,0.0,0.0,0.0,0.0,0.0,0.0,0.0,0.0,0.0,LOC125769886_t4,969.0,C,A,S,NON_SYNONYMOUS_CODING,MODERATE,A,0.05,"A969S (3RL:44,125,498 C>A)"
R942H,3RL,44125578,0.0,0.0,0.0,0.0,0.0,0.0,0.0,0.0,0.0,0.0,0.0,0.0,0.0,0.015151515151515152,LOC125769886_t4,942.0,C,R,H,NON_SYNONYMOUS_CODING,MODERATE,T,0.015151515151515152,"R942H (3RL:44,125,578 C>T)"
Q923H,3RL,44125634,0.0,0.015625,0.0,0.0,0.0,0.0,0.0,0.0,0.0,0.0,0.0,0.0,0.0,0.0,LOC125769886_t4,923.0,T,Q,H,NON_SYNONYMOUS_CODING,MODERATE,A,0.015625,"Q923H (3RL:44,125,634 T>A)"
I898V,3RL,44126715,0.0,0.0,0.0,0.0,0.0,0.0,0.0,0.0,0.0,0.0,0.0,0.0,0.0,0.015151515151515152,LOC125769886_t4,898.0,T,I,V,NON_SYNONYMOUS_CODING,MODERATE,C,0.015151515151515152,"I898V (3RL:44,126,715 T>C)"
L894P,3RL,44126726,0.0,0.0,0.0,0.05,0.0,0.0,0.0,0.0,0.0,0.0,0.0,0.0,0.0,0.0,LOC125769886_t4,894.0,A,L,P,NON_SYNONYMOUS_CODING,MODERATE,G,0.05,"L894P (3RL:44,126,726 A>G)"
A886S,3RL,44126751,0.0,0.0,0.0,0.0,0.0,0.0,0.018518518518518517,0.0,0.0,0.0,0.0,0.0,0.0,0.0,LOC125769886_t4,886.0,C,A,S,NON_SYNONYMOUS_CODING,MODERATE,A,0.018518518518518517,"A886S (3RL:44,126,751 C>A)"
G881C,3RL,44126766,0.0,0.0,0.0,0.0,0.0,0.0,0.0,0.0,0.0,0.0,0.0,0.0,0.0,0.015151515151515152,LOC125769886_t4,881.0,C,G,C,NON_SYNONYMOUS_CODING,MODERATE,A,0.015151515151515152,"G881C (3RL:44,126,766 C>A)"
I877L,3RL,44126778,0.0,0.0,0.0,0.0,0.0,0.0,0.0,0.0,0.0,0.0,0.0,0.017857142857142856,0.0,0.0,LOC125769886_t4,877.0,T,I,L,NON_SYNONYMOUS_CODING,MODERATE,G,0.017857142857142856,"I877L (3RL:44,126,778 T>G)"
A838S,3RL,44128560,0.017857142857142856,0.0,0.0,0.0,0.0,0.0,0.0,0.0,0.0,0.0,0.0,0.0,0.0,0.0,LOC125769886_t4,838.0,C,A,S,NON_SYNONYMOUS_CODING,MODERATE,A,0.017857142857142856,"A838S (3RL:44,128,560 C>A)"
F834I,3RL,44128572,0.017857142857142856,0.0,0.0,0.0,0.0,0.0,0.0,0.0,0.0,0.0,0.0,0.0,0.0,0.0,LOC125769886_t4,834.0,A,F,I,NON_SYNONYMOUS_CODING,MODERATE,T,0.017857142857142856,"F834I (3RL:44,128,572 A>T)"
Q826K,3RL,44128596,0.0,0.0,0.0,0.05,0.0,0.0,0.0,0.0,0.0,0.0,0.0,0.0,0.0,0.0,LOC125769886_t4,826.0,G,Q,K,NON_SYNONYMOUS_CODING,MODERATE,T,0.05,"Q826K (3RL:44,128,596 G>T)"
A818V,3RL,44128619,0.017857142857142856,0.0,0.0,0.0,0.0,0.0,0.0,0.0,0.0,0.0,0.0,0.0,0.0,0.0,LOC125769886_t4,818.0,G,A,V,NON_SYNONYMOUS_CODING,MODERATE,A,0.017857142857142856,"A818V (3RL:44,128,619 G>A)"
G800D,3RL,44128821,0.0,0.0,0.0,0.05,0.0,0.0,0.0,0.0,0.0,0.0,0.0,0.0,0.0,0.0,LOC125769886_t4,800.0,C,G,D,NON_SYNONYMOUS_CODING,MODERATE,T,0.05,"G800D (3RL:44,128,821 C>T)"
M789I,3RL,44128853,0.0,0.0,0.0,0.05,0.0,0.0,0.0,0.0,0.0,0.0,0.0,0.0,0.0,0.0,LOC125769886_t4,789.0,C,M,I,NON_SYNONYMOUS_CODING,MODERATE,A,0.05,"M789I (3RL:44,128,853 C>A)"
L780V,3RL,44128882,0.0,0.0,0.0,0.05,0.0,0.0,0.0,0.0,0.0,0.0,0.0,0.0,0.0,0.0,LOC125769886_t4,780.0,A,L,V,NON_SYNONYMOUS_CODING,MODERATE,C,0.05,"L780V (3RL:44,128,882 A>C)"
T772A,3RL,44128906,0.0,0.0,0.0,0.05,0.0,0.0,0.0,0.0,0.0,0.0,0.0,0.0,0.0,0.0,LOC125769886_t4,772.0,T,T,A,NON_SYNONYMOUS_CODING,MODERATE,C,0.05,"T772A (3RL:44,128,906 T>C)"
G757C,3RL,44128951,0.0,0.015625,0.0,0.0,0.0,0.0,0.0,0.0,0.0,0.0,0.0,0.0,0.0,0.0,LOC125769886_t4,757.0,C,G,C,NON_SYNONYMOUS_CODING,MODERATE,A,0.015625,"G757C (3RL:44,128,951 C>A)"
C747R,3RL,44128981,0.0,0.0,0.0,0.0,0.0,0.0,0.0,0.0,0.0,0.0,0.0,0.0,0.0,0.015151515151515152,LOC125769886_t4,747.0,A,C,R,NON_SYNONYMOUS_CODING,MODERATE,G,0.015151515151515152,"C747R (3RL:44,128,981 A>G)"
I732L,3RL,44129026,0.0,0.015625,0.0,0.05,0.0,0.0,0.0,0.0,0.0,0.0,0.0,0.0,0.0,0.0,LOC125769886_t4,732.0,T,I,L,NON_SYNONYMOUS_CODING,MODERATE,G,0.05,"I732L (3RL:44,129,026 T>G)"
D719G,3RL,44129064,0.0,0.0,0.0,0.05,0.0,0.0,0.0,0.0,0.0,0.0,0.0,0.0,0.0,0.0,LOC125769886_t4,719.0,T,D,G,NON_SYNONYMOUS_CODING,MODERATE,C,0.05,"D719G (3RL:44,129,064 T>C)"
N628H,3RL,44132266,0.0,0.0,0.0,0.05,0.0,0.0,0.0,0.0,0.0,0.0,0.0,0.0,0.0,0.0,LOC125769886_t4,628.0,T,N,H,NON_SYNONYMOUS_CODING,MODERATE,G,0.05,"N628H (3RL:44,132,266 T>G)"
R622Q,3RL,44132283,0.0,0.0,0.0,0.0,0.0,0.0,0.018518518518518517,0.0,0.0,0.0,0.0,0.0,0.0,0.0,LOC125769886_t4,622.0,C,R,Q,NON_SYNONYMOUS_CODING,MODERATE,T,0.018518518518518517,"R622Q (3RL:44,132,283 C>T)"
R620S,3RL,44132290,0.0,0.0,0.016666666666666666,0.0,0.0,0.0,0.0,0.0,0.0,0.0,0.0,0.0,0.0,0.0,LOC125769886_t4,620.0,G,R,S,NON_SYNONYMOUS_CODING,MODERATE,T,0.016666666666666666,"R620S (3RL:44,132,290 G>T)"
E616V,3RL,44132301,0.0,0.0,0.0,0.05,0.0,0.0,0.0,0.0,0.0,0.0,0.0,0.0,0.0,0.0,LOC125769886_t4,616.0,T,E,V,NON_SYNONYMOUS_CODING,MODERATE,A,0.05,"E616V (3RL:44,132,301 T>A)"
L610V,3RL,44132320,0.0,0.0,0.0,0.05,0.0,0.0,0.0,0.0,0.0,0.0,0.0,0.0,0.0,0.0,LOC125769886_t4,610.0,G,L,V,NON_SYNONYMOUS_CODING,MODERATE,C,0.05,"L610V (3RL:44,132,320 G>C)"
H606P,3RL,44132331,0.017857142857142856,0.0,0.0,0.0,0.0,0.0,0.0,0.0,0.0,0.0,0.0,0.0,0.0,0.0,LOC125769886_t4,606.0,T,H,P,NON_SYNONYMOUS_CODING,MODERATE,G,0.017857142857142856,"H606P (3RL:44,132,331 T>G)"
S602Y,3RL,44132343,0.0,0.0,0.0,0.0,0.0,0.0,0.0,0.0,0.0,0.0,0.0,0.0,0.0,0.015151515151515152,LOC125769886_t4,602.0,G,S,Y,NON_SYNONYMOUS_CODING,MODERATE,T,0.015151515151515152,"S602Y (3RL:44,132,343 G>T)"
R535S,3RL,44133603,0.0,0.0,0.0,0.05,0.0,0.0,0.0,0.0,0.0,0.0,0.0,0.0,0.0,0.0,LOC125769886_t4,535.0,G,R,S,NON_SYNONYMOUS_CODING,MODERATE,T,0.05,"R535S (3RL:44,133,603 G>T)"
K493Q,3RL,44136889,0.017857142857142856,0.0,0.0,0.0,0.0,0.0,0.0,0.0,0.0,0.0,0.0,0.0,0.0,0.0,LOC125769886_t4,493.0,T,K,Q,NON_SYNONYMOUS_CODING,MODERATE,G,0.017857142857142856,"K493Q (3RL:44,136,889 T>G)"
N492S,3RL,44136891,0.0,0.0,0.0,0.05,0.0,0.0,0.0,0.0,0.0,0.0,0.0,0.0,0.0,0.0,LOC125769886_t4,492.0,T,N,S,NON_SYNONYMOUS_CODING,MODERATE,C,0.05,"N492S (3RL:44,136,891 T>C)"
Q484K,3RL,44136916,0.0,0.0,0.0,0.0,0.0,0.0,0.0,0.0,0.0,0.0,0.0,0.0,0.0,0.015151515151515152,LOC125769886_t4,484.0,G,Q,K,NON_SYNONYMOUS_CODING,MODERATE,T,0.015151515151515152,"Q484K (3RL:44,136,916 G>T)"
D472Y,3RL,44136952,0.0,0.0,0.0,0.0,0.0,0.0,0.0,0.0,0.0,0.0,0.0,0.0,0.0,0.015151515151515152,LOC125769886_t4,472.0,C,D,Y,NON_SYNONYMOUS_CODING,MODERATE,A,0.015151515151515152,"D472Y (3RL:44,136,952 C>A)"
S469G,3RL,44136961,0.0,0.0,0.0,0.0,0.0,0.0,0.0,0.0,0.0,0.0,0.0,0.0,0.0,0.015151515151515152,LOC125769886_t4,469.0,T,S,G,NON_SYNONYMOUS_CODING,MODERATE,C,0.015151515151515152,"S469G (3RL:44,136,961 T>C)"
A462S,3RL,44136982,0.017857142857142856,0.0,0.0,0.0,0.0,0.0,0.0,0.0,0.0,0.0,0.0,0.0,0.0,0.0,LOC125769886_t4,462.0,C,A,S,NON_SYNONYMOUS_CODING,MODERATE,A,0.017857142857142856,"A462S (3RL:44,136,982 C>A)"
A460V,3RL,44136987,0.0,0.0,0.0,0.0,0.0,0.0,0.0,0.016129032258064516,0.0,0.0,0.0,0.0,0.0,0.0,LOC125769886_t4,460.0,G,A,V,NON_SYNONYMOUS_CODING,MODERATE,A,0.016129032258064516,"A460V (3RL:44,136,987 G>A)"
A449V,3RL,44137020,0.0,0.0,0.0,0.0,0.0,0.0,0.0,0.0,0.017857142857142856,0.0,0.0,0.0,0.0,0.0,LOC125769886_t4,449.0,G,A,V,NON_SYNONYMOUS_CODING,MODERATE,A,0.017857142857142856,"A449V (3RL:44,137,020 G>A)"
A440V,3RL,44137047,0.0,0.0,0.0,0.0,0.0,0.0,0.018518518518518517,0.0,0.0,0.0,0.0,0.0,0.0,0.0,LOC125769886_t4,440.0,G,A,V,NON_SYNONYMOUS_CODING,MODERATE,A,0.018518518518518517,"A440V (3RL:44,137,047 G>A)"
E430G,3RL,44137723,0.0,0.0,0.0,0.0,0.0,0.0,0.018518518518518517,0.0,0.0,0.0,0.0,0.0,0.0,0.0,LOC125769886_t4,430.0,T,E,G,NON_SYNONYMOUS_CODING,MODERATE,C,0.018518518518518517,"E430G (3RL:44,137,723 T>C)"
E428K,3RL,44137730,0.0,0.0,0.0,0.05,0.0,0.0,0.0,0.0,0.0,0.0,0.0,0.0,0.0,0.0,LOC125769886_t4,428.0,C,E,K,NON_SYNONYMOUS_CODING,MODERATE,T,0.05,"E428K (3RL:44,137,730 C>T)"
E421K,3RL,44137751,0.0,0.0,0.0,0.0,0.0,0.0,0.0,0.0,0.0,0.0,0.0,0.0,0.015625,0.0,LOC125769886_t4,421.0,C,E,K,NON_SYNONYMOUS_CODING,MODERATE,T,0.015625,"E421K (3RL:44,137,751 C>T)"
M393I,3RL,44137833,0.0,0.015625,0.0,0.0,0.0,0.0,0.0,0.0,0.0,0.0,0.0,0.0,0.0,0.0,LOC125769886_t4,393.0,C,M,I,NON_SYNONYMOUS_CODING,MODERATE,T,0.015625,"M393I (3RL:44,137,833 C>T)"
A388P,3RL,44137850,0.017857142857142856,0.0,0.0,0.0,0.0,0.0,0.0,0.0,0.0,0.0,0.0,0.0,0.0,0.0,LOC125769886_t4,388.0,C,A,P,NON_SYNONYMOUS_CODING,MODERATE,G,0.017857142857142856,"A388P (3RL:44,137,850 C>G)"
N313K,3RL,44138799,0.0,0.0,0.0,0.05,0.0,0.0,0.0,0.0,0.0,0.0,0.0,0.0,0.0,0.0,LOC125769886_t4,313.0,A,N,K,NON_SYNONYMOUS_CODING,MODERATE,T,0.05,"N313K (3RL:44,138,799 A>T)"
G300A,3RL,44138839,0.0,0.0,0.0,0.05,0.0,0.0,0.0,0.0,0.0,0.0,0.0,0.0,0.0,0.0,LOC125769886_t4,300.0,C,G,A,NON_SYNONYMOUS_CODING,MODERATE,G,0.05,"G300A (3RL:44,138,839 C>G)"
I210L,3RL,44140097,0.0,0.0,0.0,0.05,0.0,0.0,0.0,0.0,0.0,0.0,0.0,0.0,0.0,0.0,LOC125769886_t4,210.0,T,I,L,NON_SYNONYMOUS_CODING,MODERATE,G,0.05,"I210L (3RL:44,140,097 T>G)"
W204C,3RL,44140113,0.0,0.0,0.0,0.05,0.0,0.0,0.0,0.0,0.0,0.0,0.0,0.0,0.0,0.0,LOC125769886_t4,204.0,C,W,C,NON_SYNONYMOUS_CODING,MODERATE,G,0.05,"W204C (3RL:44,140,113 C>G)"
L198I,3RL,44140133,0.0,0.015625,0.0,0.0,0.0,0.0,0.0,0.0,0.0,0.0,0.0,0.0,0.0,0.0,LOC125769886_t4,198.0,G,L,I,NON_SYNONYMOUS_CODING,MODERATE,T,0.015625,"L198I (3RL:44,140,133 G>T)"
I191L,3RL,44140154,0.0,0.0,0.0,0.05,0.0,0.0,0.0,0.0,0.0,0.0,0.0,0.0,0.0,0.0,LOC125769886_t4,191.0,T,I,L,NON_SYNONYMOUS_CODING,MODERATE,A,0.05,"I191L (3RL:44,140,154 T>A)"
L121S,3RL,44141639,0.0,0.0,0.0,0.05,0.0,0.0,0.0,0.0,0.0,0.0,0.0,0.0,0.0,0.0,LOC125769886_t4,121.0,A,L,S,NON_SYNONYMOUS_CODING,MODERATE,G,0.05,"L121S (3RL:44,141,639 A>G)"
V106I,3RL,44141685,0.0,0.015625,0.0,0.0,0.0,0.0,0.0,0.0,0.0,0.0,0.0,0.0,0.0,0.0,LOC125769886_t4,106.0,C,V,I,NON_SYNONYMOUS_CODING,MODERATE,T,0.015625,"V106I (3RL:44,141,685 C>T)"
Y97C,3RL,44142016,0.0,0.0,0.0,0.0,0.0,0.0,0.0,0.0,0.0,0.0,0.0,0.0,0.0,0.015151515151515152,LOC125769886_t4,97.0,T,Y,C,NON_SYNONYMOUS_CODING,MODERATE,C,0.015151515151515152,"Y97C (3RL:44,142,016 T>C)"
E91Q,3RL,44142035,0.0,0.0,0.0,0.05,0.0,0.0,0.0,0.0,0.0,0.0,0.0,0.0,0.0,0.0,LOC125769886_t4,91.0,C,E,Q,NON_SYNONYMOUS_CODING,MODERATE,G,0.05,"E91Q (3RL:44,142,035 C>G)"
P63T,3RL,44142119,0.0,0.0,0.0,0.05,0.0,0.0,0.0,0.0,0.0,0.0,0.0,0.0,0.0,0.0,LOC125769886_t4,63.0,G,P,T,NON_SYNONYMOUS_CODING,MODERATE,T,0.05,"P63T (3RL:44,142,119 G>T)"
Q38R,3RL,44145802,0.0,0.0,0.0,0.05,0.0,0.0,0.0,0.0,0.0,0.0,0.0,0.0,0.0,0.0,LOC125769886_t4,38.0,T,Q,R,NON_SYNONYMOUS_CODING,MODERATE,C,0.05,"Q38R (3RL:44,145,802 T>C)"
A32V,3RL,44145820,0.0,0.0,0.0,0.0,0.0,0.0,0.0,0.0,0.0,0.0,0.0,0.0,0.015625,0.0,LOC125769886_t4,32.0,G,A,V,NON_SYNONYMOUS_CODING,MODERATE,A,0.015625,"A32V (3RL:44,145,820 G>A)"
